id,name,age,city,event_time
1,Alice,33,Tokyo,2025-09-12T12:10:58.316820
2,David,42,Paris,2025-09-02T12:10:58.316843
3,David,41,Tokyo,2025-09-02T12:10:58.316852
4,Charlie,53,London,2025-09-14T12:10:58.316858
5,Eve,34,Tokyo,2025-09-10T12:10:58.316864
6,Helen,31,London,2025-09-16T12:10:58.316870
7,Frank,50,Paris,2025-09-03T12:10:58.316876
8,Alice,32,Mumbai,2025-08-30T12:10:58.316881
9,Helen,21,Sydney,2025-09-07T12:10:58.316887
10,David,51,Mumbai,2025-09-08T12:10:58.316892
11,Alice,33,Tokyo,2025-09-09T12:10:58.316898
12,Eve,51,Berlin,2025-09-07T12:10:58.316903
13,Charlie,26,London,2025-09-09T12:10:58.316909
14,Grace,23,Mumbai,2025-08-20T12:10:58.316914
15,Grace,32,Berlin,2025-08-31T12:10:58.316920
16,Frank,33,New York,2025-09-03T12:10:58.316925
17,David,31,Paris,2025-09-10T12:10:58.316931
18,Bob,42,Mumbai,2025-09-08T12:10:58.316936
19,Frank,33,Paris,2025-08-27T12:10:58.316942
20,Alice,50,Tokyo,2025-09-07T12:10:58.316947
21,Grace,50,Mumbai,2025-08-22T12:10:58.316952
22,Grace,23,Mumbai,2025-08-31T12:10:58.316958
23,Bob,48,Berlin,2025-08-27T12:10:58.316963
24,Alice,46,Sydney,2025-08-25T12:10:58.316969
25,Helen,29,Mumbai,2025-08-23T12:10:58.316974
26,Alice,31,Sydney,2025-09-14T12:10:58.316980
27,Grace,57,Paris,2025-09-16T12:10:58.316985
28,Charlie,53,Sydney,2025-08-24T12:10:58.316991
29,Bob,19,Tokyo,2025-08-31T12:10:58.316996
30,Alice,33,Sydney,2025-09-15T12:10:58.317002
31,David,52,Sydney,2025-09-02T12:10:58.317007
32,Helen,59,London,2025-08-24T12:10:58.317012
33,Grace,39,Sydney,2025-08-29T12:10:58.317018
34,Frank,58,New York,2025-08-19T12:10:58.317023
35,Alice,47,Sydney,2025-09-13T12:10:58.317029
36,Eve,34,London,2025-08-31T12:10:58.317037
37,Bob,22,Sydney,2025-08-23T12:10:58.317043
38,David,51,New York,2025-09-16T12:10:58.317048
39,Frank,60,Sydney,2025-08-31T12:10:58.317053
40,Bob,41,Sydney,2025-08-31T12:10:58.317058
41,Frank,36,Paris,2025-09-03T12:10:58.317064
42,Charlie,60,New York,2025-08-30T12:10:58.317069
43,Bob,42,Berlin,2025-09-08T12:10:58.317075
44,Grace,25,New York,2025-08-19T12:10:58.317080
45,Eve,22,Sydney,2025-09-05T12:10:58.317086
46,Helen,58,Berlin,2025-08-30T12:10:58.317091
47,Alice,37,Tokyo,2025-08-25T12:10:58.317097
48,Frank,21,Sydney,2025-09-03T12:10:58.317102
49,Bob,29,New York,2025-08-28T12:10:58.317107
50,Eve,34,New York,2025-09-09T12:10:58.317113
51,Eve,35,New York,2025-08-31T12:10:58.317118
52,Alice,34,Tokyo,2025-08-25T12:10:58.317124
53,Eve,33,Mumbai,2025-09-16T12:10:58.317129
54,Charlie,49,Paris,2025-08-17T12:10:58.317134
55,Bob,40,Sydney,2025-09-12T12:10:58.317140
56,Bob,47,Sydney,2025-09-13T12:10:58.317145
57,Helen,60,Mumbai,2025-08-29T12:10:58.317150
58,Eve,58,New York,2025-09-16T12:10:58.317156
59,Bob,30,Mumbai,2025-09-04T12:10:58.317161
60,David,55,Paris,2025-08-29T12:10:58.317167
61,Eve,25,Paris,2025-08-18T12:10:58.317172
62,Frank,35,Mumbai,2025-09-13T12:10:58.317177
63,Bob,38,Paris,2025-08-31T12:10:58.317183
64,David,50,London,2025-09-10T12:10:58.317188
65,Bob,50,Berlin,2025-09-15T12:10:58.317194
66,David,33,Paris,2025-09-03T12:10:58.317199
67,Bob,38,Mumbai,2025-08-18T12:10:58.317204
68,Grace,40,New York,2025-09-05T12:10:58.317210
69,David,57,New York,2025-09-04T12:10:58.317215
70,Alice,32,London,2025-08-31T12:10:58.317221
71,Charlie,52,London,2025-09-04T12:10:58.317226
72,Frank,39,Sydney,2025-09-07T12:10:58.317231
73,Alice,23,Berlin,2025-08-25T12:10:58.317237
74,Helen,53,Berlin,2025-09-10T12:10:58.317242
75,Bob,46,London,2025-08-19T12:10:58.317247
76,Bob,29,Paris,2025-08-24T12:10:58.317253
77,Alice,45,Berlin,2025-08-25T12:10:58.317258
78,Grace,47,Mumbai,2025-09-15T12:10:58.317264
79,Helen,37,Berlin,2025-09-08T12:10:58.317271
80,Frank,26,Tokyo,2025-09-07T12:10:58.317277
81,Frank,28,Sydney,2025-09-07T12:10:58.317282
82,Charlie,48,Sydney,2025-09-04T12:10:58.317288
83,David,25,Sydney,2025-09-01T12:10:58.317293
84,Helen,55,Tokyo,2025-09-03T12:10:58.317299
85,Charlie,60,Sydney,2025-09-06T12:10:58.317304
86,Charlie,20,Paris,2025-09-15T12:10:58.317309
87,Grace,54,New York,2025-09-05T12:10:58.317315
88,David,57,Paris,2025-08-24T12:10:58.317320
89,Helen,35,Berlin,2025-09-01T12:10:58.317326
90,Helen,51,Berlin,2025-08-26T12:10:58.317331
91,Frank,22,Paris,2025-09-03T12:10:58.317336
92,David,24,London,2025-09-15T12:10:58.317342
93,Bob,52,Tokyo,2025-09-09T12:10:58.317347
94,Grace,37,Sydney,2025-09-12T12:10:58.317352
95,Charlie,25,London,2025-08-17T12:10:58.317358
96,Alice,49,Paris,2025-09-03T12:10:58.317363
97,Frank,28,Mumbai,2025-08-23T12:10:58.317368
98,Alice,47,Berlin,2025-08-27T12:10:58.317374
99,Eve,21,Sydney,2025-08-31T12:10:58.317379
100,Bob,51,Mumbai,2025-08-28T12:10:58.317384
101,Alice,57,Sydney,2025-09-08T12:10:58.317390
102,Charlie,60,Sydney,2025-09-07T12:10:58.317395
103,Charlie,20,Mumbai,2025-08-29T12:10:58.317401
104,Bob,33,London,2025-09-12T12:10:58.317407
105,Grace,55,Berlin,2025-09-15T12:10:58.317412
106,Eve,29,New York,2025-08-31T12:10:58.317417
107,Eve,44,Tokyo,2025-08-24T12:10:58.317422
108,Bob,56,Sydney,2025-08-30T12:10:58.317428
109,David,51,London,2025-09-13T12:10:58.317434
110,Eve,29,Sydney,2025-09-13T12:10:58.317439
111,Frank,19,Sydney,2025-09-05T12:10:58.317444
112,Grace,18,London,2025-09-06T12:10:58.317450
113,Grace,32,Paris,2025-09-10T12:10:58.317455
114,Grace,27,Mumbai,2025-08-30T12:10:58.317461
115,Bob,54,Tokyo,2025-09-07T12:10:58.317466
116,David,36,London,2025-09-10T12:10:58.317472
117,Charlie,57,Tokyo,2025-08-23T12:10:58.317477
118,David,22,New York,2025-08-21T12:10:58.317483
119,Grace,46,Sydney,2025-09-08T12:10:58.317488
120,David,22,Berlin,2025-09-02T12:10:58.317493
121,Charlie,44,Tokyo,2025-09-11T12:10:58.317499
122,Eve,28,London,2025-08-29T12:10:58.317507
123,David,57,New York,2025-09-13T12:10:58.317512
124,Eve,28,Paris,2025-08-29T12:10:58.317517
125,Charlie,42,Tokyo,2025-09-04T12:10:58.317523
126,Alice,35,Paris,2025-09-13T12:10:58.317528
127,Frank,56,London,2025-09-05T12:10:58.317533
128,Charlie,42,Sydney,2025-09-14T12:10:58.317539
129,Helen,36,Mumbai,2025-09-03T12:10:58.317544
130,David,24,London,2025-09-16T12:10:58.317550
131,Bob,33,Berlin,2025-08-31T12:10:58.317555
132,Alice,24,Mumbai,2025-08-27T12:10:58.317560
133,David,19,New York,2025-09-05T12:10:58.317566
134,Eve,49,New York,2025-09-13T12:10:58.317571
135,Frank,49,Mumbai,2025-08-23T12:10:58.317577
136,Frank,48,Sydney,2025-08-27T12:10:58.317582
137,Frank,52,Sydney,2025-09-16T12:10:58.317587
138,Eve,23,Mumbai,2025-09-12T12:10:58.317593
139,David,57,London,2025-09-12T12:10:58.317598
140,Charlie,59,Berlin,2025-08-23T12:10:58.317604
141,Grace,45,Paris,2025-08-29T12:10:58.317609
142,David,37,Berlin,2025-09-15T12:10:58.317614
143,Helen,38,Paris,2025-09-14T12:10:58.317619
144,Frank,38,Berlin,2025-09-12T12:10:58.317625
145,Frank,29,London,2025-09-02T12:10:58.317630
146,Alice,18,New York,2025-09-13T12:10:58.317635
147,Grace,40,Mumbai,2025-09-11T12:10:58.317641
148,Grace,54,Berlin,2025-08-27T12:10:58.317666
149,David,59,London,2025-09-05T12:10:58.317672
150,Helen,45,Mumbai,2025-09-15T12:10:58.317678
151,Frank,54,Sydney,2025-09-06T12:10:58.317683
152,Grace,33,Tokyo,2025-08-29T12:10:58.317688
153,Alice,20,Berlin,2025-08-23T12:10:58.317693
154,Charlie,25,Paris,2025-09-15T12:10:58.317699
155,Charlie,59,London,2025-09-02T12:10:58.317704
156,Helen,48,Berlin,2025-08-31T12:10:58.317709
157,Bob,45,Mumbai,2025-08-17T12:10:58.317715
158,David,24,Mumbai,2025-09-14T12:10:58.317720
159,Helen,29,Sydney,2025-09-06T12:10:58.317726
160,Bob,41,Sydney,2025-08-17T12:10:58.317731
161,Bob,35,Berlin,2025-08-29T12:10:58.317736
162,Frank,46,Tokyo,2025-08-22T12:10:58.317742
163,Helen,60,Mumbai,2025-08-20T12:10:58.317747
164,Grace,58,Berlin,2025-08-17T12:10:58.317755
165,Alice,27,Mumbai,2025-08-30T12:10:58.317761
166,Helen,39,Sydney,2025-09-07T12:10:58.317766
167,David,20,Tokyo,2025-08-17T12:10:58.317772
168,Grace,43,Berlin,2025-09-10T12:10:58.317777
169,Bob,36,Sydney,2025-09-07T12:10:58.317782
170,Frank,27,Mumbai,2025-09-05T12:10:58.317787
171,Frank,58,London,2025-08-24T12:10:58.317793
172,Alice,19,Mumbai,2025-09-10T12:10:58.317798
173,Eve,22,Berlin,2025-09-16T12:10:58.317804
174,Alice,56,Paris,2025-09-04T12:10:58.317809
175,Alice,35,New York,2025-09-11T12:10:58.317850
176,David,59,Paris,2025-08-31T12:10:58.317856
177,Bob,46,Paris,2025-09-08T12:10:58.317862
178,Bob,55,Berlin,2025-09-03T12:10:58.317868
179,Alice,56,New York,2025-08-23T12:10:58.317873
180,Helen,25,New York,2025-08-20T12:10:58.317879
181,Alice,46,London,2025-08-20T12:10:58.317884
182,Frank,39,Paris,2025-08-21T12:10:58.317889
183,Helen,29,London,2025-08-31T12:10:58.317895
184,Bob,23,London,2025-09-14T12:10:58.317901
185,Helen,52,London,2025-09-05T12:10:58.317906
186,Charlie,45,London,2025-08-21T12:10:58.317911
187,Grace,53,Tokyo,2025-08-23T12:10:58.317917
188,Charlie,58,Tokyo,2025-09-03T12:10:58.317922
189,Frank,34,Sydney,2025-09-14T12:10:58.317927
190,Charlie,34,Berlin,2025-08-24T12:10:58.317933
191,Charlie,31,Sydney,2025-09-14T12:10:58.317938
192,Grace,28,London,2025-09-01T12:10:58.317944
193,Helen,39,Paris,2025-08-19T12:10:58.317949
194,Eve,20,London,2025-09-09T12:10:58.317954
195,Eve,24,Tokyo,2025-09-06T12:10:58.317960
196,Helen,43,Tokyo,2025-08-31T12:10:58.317965
197,Frank,59,London,2025-09-01T12:10:58.317970
198,Grace,58,London,2025-08-30T12:10:58.317976
199,Grace,45,Tokyo,2025-09-09T12:10:58.317981
200,Grace,18,Tokyo,2025-09-06T12:10:58.317987
201,Charlie,26,Berlin,2025-08-21T12:10:58.317992
202,Alice,53,Tokyo,2025-08-17T12:10:58.317997
203,Bob,27,Mumbai,2025-09-16T12:10:58.318003
204,Eve,34,Paris,2025-09-11T12:10:58.318008
205,Helen,19,Berlin,2025-09-13T12:10:58.318014
206,Bob,29,New York,2025-08-26T12:10:58.318019
207,Alice,18,Tokyo,2025-09-04T12:10:58.318024
208,Helen,44,London,2025-08-25T12:10:58.318030
209,Alice,22,Paris,2025-09-03T12:10:58.318035
210,David,56,New York,2025-08-20T12:10:58.318040
211,Frank,56,Berlin,2025-08-31T12:10:58.318046
212,David,36,New York,2025-09-11T12:10:58.318051
213,Bob,43,New York,2025-09-10T12:10:58.318057
214,Frank,46,Tokyo,2025-08-30T12:10:58.318062
215,Grace,60,Tokyo,2025-09-13T12:10:58.318068
216,Bob,19,Sydney,2025-09-04T12:10:58.318073
217,Bob,42,London,2025-09-07T12:10:58.318079
218,David,46,New York,2025-09-04T12:10:58.318084
219,Grace,33,Paris,2025-09-06T12:10:58.318090
220,Frank,19,Sydney,2025-09-02T12:10:58.318095
221,Bob,33,Mumbai,2025-08-18T12:10:58.318100
222,Helen,47,Berlin,2025-08-23T12:10:58.318106
223,Helen,30,Tokyo,2025-09-15T12:10:58.318111
224,Grace,26,Tokyo,2025-09-07T12:10:58.318116
225,Charlie,53,Paris,2025-09-01T12:10:58.318122
226,Bob,45,Berlin,2025-09-05T12:10:58.318127
227,David,58,London,2025-08-26T12:10:58.318133
228,Charlie,35,Mumbai,2025-08-24T12:10:58.318139
229,Charlie,50,London,2025-08-25T12:10:58.318144
230,Eve,21,London,2025-09-05T12:10:58.318150
231,Helen,37,Tokyo,2025-08-30T12:10:58.318155
232,Frank,40,Berlin,2025-09-12T12:10:58.318160
233,Charlie,57,Sydney,2025-09-09T12:10:58.318166
234,Grace,38,London,2025-09-09T12:10:58.318171
235,Eve,21,New York,2025-08-29T12:10:58.318177
236,Bob,54,London,2025-08-25T12:10:58.318182
237,Helen,20,Tokyo,2025-08-21T12:10:58.318187
238,Charlie,38,Sydney,2025-08-28T12:10:58.318193
239,Bob,48,Paris,2025-08-19T12:10:58.318199
240,Bob,49,Berlin,2025-08-22T12:10:58.318204
241,Bob,56,Sydney,2025-09-03T12:10:58.318209
242,Alice,44,Tokyo,2025-09-13T12:10:58.318215
243,Helen,35,Sydney,2025-08-25T12:10:58.318220
244,Alice,33,Paris,2025-08-19T12:10:58.318225
245,Grace,19,Paris,2025-09-08T12:10:58.318231
246,Frank,58,New York,2025-09-03T12:10:58.318236
247,Frank,53,New York,2025-09-05T12:10:58.318242
248,Alice,55,Paris,2025-08-19T12:10:58.318247
249,Charlie,53,London,2025-08-26T12:10:58.318253
250,Eve,20,Sydney,2025-09-13T12:10:58.318259
251,Bob,42,Mumbai,2025-08-21T12:10:58.318264
252,Helen,29,New York,2025-08-19T12:10:58.318270
253,Bob,24,Mumbai,2025-09-12T12:10:58.318275
254,David,45,New York,2025-09-07T12:10:58.318280
255,Eve,46,Paris,2025-09-07T12:10:58.318286
256,David,36,Sydney,2025-09-02T12:10:58.318291
257,Grace,56,Mumbai,2025-08-26T12:10:58.318297
258,Alice,60,Paris,2025-08-24T12:10:58.318302
259,Eve,44,London,2025-08-31T12:10:58.318308
260,Bob,19,Mumbai,2025-08-19T12:10:58.318313
261,Helen,19,New York,2025-08-22T12:10:58.318319
262,Frank,42,New York,2025-08-18T12:10:58.318324
263,Alice,31,Mumbai,2025-09-05T12:10:58.318330
264,Frank,56,Paris,2025-08-24T12:10:58.318335
265,Eve,44,Paris,2025-08-26T12:10:58.318340
266,Helen,50,Paris,2025-08-30T12:10:58.318346
267,Grace,40,Tokyo,2025-08-26T12:10:58.318351
268,Helen,51,New York,2025-09-08T12:10:58.318357
269,David,45,New York,2025-09-04T12:10:58.318362
270,Frank,21,Mumbai,2025-08-21T12:10:58.318367
271,Helen,27,London,2025-09-04T12:10:58.318373
272,Grace,52,Paris,2025-08-24T12:10:58.318378
273,Charlie,45,New York,2025-09-04T12:10:58.318384
274,Grace,18,London,2025-08-22T12:10:58.318389
275,Alice,31,Berlin,2025-09-07T12:10:58.318394
276,Grace,58,Sydney,2025-09-04T12:10:58.318400
277,Alice,48,Sydney,2025-08-20T12:10:58.318405
278,Charlie,21,Mumbai,2025-09-07T12:10:58.318410
279,Eve,23,Tokyo,2025-08-30T12:10:58.318416
280,Alice,19,Tokyo,2025-08-28T12:10:58.318421
281,Eve,24,Mumbai,2025-08-29T12:10:58.318427
282,Charlie,25,Mumbai,2025-09-13T12:10:58.318432
283,Eve,41,Paris,2025-09-09T12:10:58.318437
284,Grace,21,London,2025-08-20T12:10:58.318443
285,Helen,28,Paris,2025-09-13T12:10:58.318448
286,Grace,41,Paris,2025-09-11T12:10:58.318453
287,Charlie,31,Mumbai,2025-08-19T12:10:58.318459
288,Helen,27,Mumbai,2025-09-03T12:10:58.318464
289,Alice,25,Sydney,2025-08-21T12:10:58.318469
290,Alice,49,Sydney,2025-09-08T12:10:58.318474
291,Helen,19,Mumbai,2025-09-16T12:10:58.318480
292,Helen,41,Mumbai,2025-09-10T12:10:58.318485
293,Alice,54,Mumbai,2025-09-07T12:10:58.318490
294,Alice,30,Berlin,2025-09-08T12:10:58.318495
295,Frank,42,Paris,2025-09-04T12:10:58.318501
296,Bob,46,Paris,2025-08-26T12:10:58.318506
297,Grace,58,New York,2025-09-03T12:10:58.318511
298,Alice,38,Berlin,2025-09-16T12:10:58.318517
299,Bob,55,Sydney,2025-09-04T12:10:58.318522
300,Bob,33,New York,2025-09-15T12:10:58.318527
301,Grace,47,London,2025-08-23T12:10:58.318533
302,David,32,Sydney,2025-09-02T12:10:58.318538
303,Frank,42,Sydney,2025-09-15T12:10:58.318543
304,Grace,20,Sydney,2025-09-16T12:10:58.318548
305,Frank,29,London,2025-09-03T12:10:58.318554
306,Charlie,37,London,2025-09-05T12:10:58.318559
307,David,20,London,2025-09-02T12:10:58.318565
308,Helen,25,London,2025-09-15T12:10:58.318570
309,Helen,18,London,2025-09-04T12:10:58.318575
310,Eve,51,New York,2025-08-30T12:10:58.318580
311,Grace,29,Berlin,2025-09-13T12:10:58.318586
312,Charlie,56,London,2025-09-03T12:10:58.318591
313,Helen,27,Mumbai,2025-09-15T12:10:58.318596
314,Frank,59,Sydney,2025-08-25T12:10:58.318601
315,Grace,38,Paris,2025-09-12T12:10:58.318607
316,David,39,London,2025-08-23T12:10:58.318612
317,Alice,28,Berlin,2025-08-21T12:10:58.318617
318,Alice,41,New York,2025-08-27T12:10:58.318623
319,Grace,54,Paris,2025-08-21T12:10:58.318628
320,Eve,43,Paris,2025-09-08T12:10:58.318634
321,Bob,42,Paris,2025-09-02T12:10:58.318639
322,David,24,Tokyo,2025-09-10T12:10:58.318644
323,Charlie,59,London,2025-08-29T12:10:58.318659
324,Charlie,36,New York,2025-08-19T12:10:58.318665
325,Charlie,39,Tokyo,2025-09-03T12:10:58.318671
326,Alice,33,Tokyo,2025-09-13T12:10:58.318676
327,Charlie,39,Sydney,2025-09-15T12:10:58.318682
328,Charlie,59,Berlin,2025-09-13T12:10:58.318687
329,David,27,London,2025-08-22T12:10:58.318692
330,Eve,58,London,2025-09-04T12:10:58.318698
331,Bob,33,Sydney,2025-08-25T12:10:58.318703
332,Bob,38,Berlin,2025-09-03T12:10:58.318709
333,Helen,58,Paris,2025-08-20T12:10:58.318714
334,Helen,19,New York,2025-09-11T12:10:58.318720
335,Helen,54,London,2025-09-15T12:10:58.318725
336,Grace,18,Berlin,2025-08-27T12:10:58.318731
337,Helen,45,Mumbai,2025-09-01T12:10:58.318736
338,Alice,37,Tokyo,2025-08-28T12:10:58.318741
339,Alice,28,Mumbai,2025-08-18T12:10:58.318747
340,Alice,56,Tokyo,2025-09-07T12:10:58.318752
341,Frank,52,Paris,2025-08-30T12:10:58.318757
342,Charlie,53,Tokyo,2025-08-22T12:10:58.318763
343,David,57,Paris,2025-08-31T12:10:58.318768
344,David,19,Tokyo,2025-09-08T12:10:58.318774
345,Eve,43,Mumbai,2025-08-26T12:10:58.318779
346,Frank,40,London,2025-09-15T12:10:58.318798
347,Helen,45,Paris,2025-08-25T12:10:58.318804
348,Frank,29,London,2025-08-25T12:10:58.318809
349,Eve,45,Berlin,2025-08-18T12:10:58.318815
350,Frank,52,New York,2025-08-28T12:10:58.318820
351,Helen,30,Sydney,2025-08-22T12:10:58.318826
352,Grace,41,Tokyo,2025-09-04T12:10:58.318831
353,Grace,20,Berlin,2025-09-07T12:10:58.318836
354,Frank,40,Paris,2025-09-03T12:10:58.318842
355,Bob,53,New York,2025-08-27T12:10:58.318847
356,David,47,Tokyo,2025-08-19T12:10:58.318852
357,Alice,53,Sydney,2025-09-08T12:10:58.318858
358,Helen,23,Berlin,2025-09-13T12:10:58.318863
359,Helen,30,London,2025-08-22T12:10:58.318868
360,Charlie,30,Mumbai,2025-08-31T12:10:58.318874
361,David,49,London,2025-09-16T12:10:58.318879
362,David,25,Berlin,2025-09-08T12:10:58.318884
363,Bob,42,Tokyo,2025-09-02T12:10:58.318890
364,Helen,27,Mumbai,2025-09-04T12:10:58.318895
365,Grace,42,Mumbai,2025-08-20T12:10:58.318900
366,Bob,39,Tokyo,2025-08-23T12:10:58.318906
367,Frank,37,Mumbai,2025-09-05T12:10:58.318911
368,Frank,36,London,2025-08-22T12:10:58.318916
369,David,60,Paris,2025-08-18T12:10:58.318922
370,Eve,34,London,2025-09-05T12:10:58.318927
371,Helen,52,Mumbai,2025-08-19T12:10:58.318933
372,David,46,Paris,2025-09-08T12:10:58.318938
373,Alice,43,New York,2025-09-12T12:10:58.318943
374,Helen,56,Paris,2025-08-28T12:10:58.318949
375,Eve,29,Mumbai,2025-09-06T12:10:58.318954
376,Alice,43,Paris,2025-09-05T12:10:58.318959
377,Frank,40,Sydney,2025-08-17T12:10:58.318965
378,Grace,59,Tokyo,2025-08-29T12:10:58.318970
379,Helen,27,Mumbai,2025-09-03T12:10:58.318976
380,Frank,28,Berlin,2025-08-23T12:10:58.318981
381,Charlie,52,London,2025-09-09T12:10:58.318986
382,Alice,57,New York,2025-09-09T12:10:58.318992
383,Bob,24,Tokyo,2025-08-23T12:10:58.318997
384,Charlie,57,Tokyo,2025-09-16T12:10:58.319003
385,Helen,47,Tokyo,2025-09-07T12:10:58.319008
386,Grace,39,Paris,2025-08-23T12:10:58.319013
387,David,23,London,2025-09-05T12:10:58.319019
388,Frank,51,London,2025-09-16T12:10:58.319024
389,Bob,55,London,2025-09-03T12:10:58.319029
390,Charlie,36,Paris,2025-09-11T12:10:58.319035
391,Bob,48,New York,2025-08-29T12:10:58.319040
392,Eve,58,Sydney,2025-08-19T12:10:58.319046
393,Alice,33,New York,2025-09-07T12:10:58.319051
394,Frank,25,Sydney,2025-08-22T12:10:58.319057
395,Frank,45,Mumbai,2025-08-27T12:10:58.319062
396,Frank,50,London,2025-08-29T12:10:58.319067
397,Eve,43,Paris,2025-08-20T12:10:58.319073
398,Frank,25,London,2025-08-28T12:10:58.319078
399,Alice,35,Berlin,2025-09-08T12:10:58.319084
400,Eve,58,London,2025-09-07T12:10:58.319089
401,Frank,50,Paris,2025-09-16T12:10:58.319094
402,Charlie,44,London,2025-08-29T12:10:58.319100
403,Charlie,49,Paris,2025-09-15T12:10:58.319105
404,David,37,Berlin,2025-09-08T12:10:58.319110
405,David,53,Sydney,2025-09-14T12:10:58.319116
406,David,32,Sydney,2025-08-27T12:10:58.319121
407,Frank,52,Paris,2025-08-22T12:10:58.319127
408,Helen,52,Mumbai,2025-08-28T12:10:58.319132
409,Grace,39,Berlin,2025-09-09T12:10:58.319137
410,Bob,41,London,2025-08-23T12:10:58.319143
411,Bob,33,Sydney,2025-09-10T12:10:58.319148
412,Bob,20,Berlin,2025-09-15T12:10:58.319153
413,David,44,Tokyo,2025-09-04T12:10:58.319159
414,Charlie,52,London,2025-08-23T12:10:58.319164
415,Frank,46,London,2025-08-29T12:10:58.319169
416,David,30,Berlin,2025-09-04T12:10:58.319175
417,David,37,Berlin,2025-08-22T12:10:58.319180
418,Bob,59,Paris,2025-09-08T12:10:58.319186
419,Bob,26,Sydney,2025-08-27T12:10:58.319191
420,Grace,50,New York,2025-08-21T12:10:58.319196
421,Helen,44,Sydney,2025-08-22T12:10:58.319202
422,Eve,44,Tokyo,2025-08-23T12:10:58.319207
423,Frank,31,Mumbai,2025-09-02T12:10:58.319213
424,Grace,60,New York,2025-09-08T12:10:58.319218
425,Charlie,45,Berlin,2025-09-10T12:10:58.319223
426,Charlie,31,Sydney,2025-09-15T12:10:58.319229
427,David,49,Paris,2025-08-23T12:10:58.319234
428,David,48,Paris,2025-08-30T12:10:58.319239
429,Grace,52,Mumbai,2025-08-27T12:10:58.319245
430,Charlie,23,Mumbai,2025-09-11T12:10:58.319250
431,Bob,28,Mumbai,2025-09-03T12:10:58.319256
432,Bob,19,London,2025-09-09T12:10:58.319261
433,Bob,44,Tokyo,2025-08-30T12:10:58.319266
434,David,39,Sydney,2025-09-15T12:10:58.319272
435,Alice,39,Sydney,2025-08-30T12:10:58.319278
436,Bob,47,London,2025-09-09T12:10:58.319283
437,Bob,45,Berlin,2025-09-12T12:10:58.319288
438,Eve,23,Berlin,2025-08-27T12:10:58.319294
439,Helen,27,Mumbai,2025-08-20T12:10:58.319299
440,Frank,47,London,2025-08-20T12:10:58.319304
441,Alice,60,Mumbai,2025-09-16T12:10:58.319310
442,Eve,51,Sydney,2025-08-30T12:10:58.319315
443,David,18,Berlin,2025-08-29T12:10:58.319320
444,Charlie,18,Berlin,2025-08-28T12:10:58.319326
445,Alice,60,Berlin,2025-09-02T12:10:58.319331
446,Helen,38,Sydney,2025-08-21T12:10:58.319337
447,Bob,29,Berlin,2025-09-13T12:10:58.319342
448,Frank,50,London,2025-09-14T12:10:58.319347
449,Grace,19,Paris,2025-08-26T12:10:58.319353
450,Helen,49,Mumbai,2025-09-04T12:10:58.319358
451,Helen,25,New York,2025-09-16T12:10:58.319363
452,Alice,29,Tokyo,2025-09-16T12:10:58.319369
453,Grace,55,Tokyo,2025-08-22T12:10:58.319374
454,Helen,49,Mumbai,2025-09-11T12:10:58.319379
455,Charlie,31,Berlin,2025-09-10T12:10:58.319385
456,Alice,50,Paris,2025-08-26T12:10:58.319390
457,Eve,47,Paris,2025-09-04T12:10:58.319396
458,Eve,53,Paris,2025-09-11T12:10:58.319401
459,Eve,50,Berlin,2025-09-16T12:10:58.319406
460,Alice,54,Berlin,2025-09-12T12:10:58.319412
461,Alice,57,Paris,2025-09-12T12:10:58.319417
462,Charlie,23,Mumbai,2025-09-02T12:10:58.319422
463,Bob,50,Tokyo,2025-08-22T12:10:58.319428
464,Frank,30,Berlin,2025-08-17T12:10:58.319433
465,Frank,19,Paris,2025-09-06T12:10:58.319439
466,David,19,Paris,2025-09-05T12:10:58.319444
467,Grace,49,Berlin,2025-08-27T12:10:58.319449
468,Charlie,36,London,2025-08-20T12:10:58.319455
469,Eve,54,Mumbai,2025-09-06T12:10:58.319460
470,Charlie,54,Sydney,2025-08-26T12:10:58.319466
471,Eve,43,London,2025-09-02T12:10:58.319471
472,Eve,35,New York,2025-08-27T12:10:58.319476
473,Bob,49,Tokyo,2025-09-04T12:10:58.319482
474,David,59,Tokyo,2025-09-09T12:10:58.319487
475,Helen,29,Berlin,2025-09-02T12:10:58.319492
476,David,21,Tokyo,2025-09-08T12:10:58.319498
477,Helen,49,New York,2025-08-28T12:10:58.319503
478,Bob,19,New York,2025-08-25T12:10:58.319509
479,Helen,40,Berlin,2025-08-17T12:10:58.319514
480,Bob,53,Sydney,2025-09-07T12:10:58.319520
481,Charlie,53,Mumbai,2025-08-28T12:10:58.319525
482,Bob,56,Berlin,2025-08-29T12:10:58.319531
483,Grace,55,London,2025-09-14T12:10:58.319536
484,Helen,46,Paris,2025-09-15T12:10:58.319541
485,Grace,31,Sydney,2025-09-01T12:10:58.319547
486,Charlie,20,Paris,2025-08-31T12:10:58.319552
487,Alice,51,Paris,2025-09-14T12:10:58.319558
488,Helen,39,Sydney,2025-08-23T12:10:58.319563
489,Bob,25,Paris,2025-09-11T12:10:58.319568
490,Charlie,29,Paris,2025-08-25T12:10:58.319574
491,Frank,31,London,2025-09-10T12:10:58.319579
492,Frank,27,New York,2025-09-02T12:10:58.319584
493,Charlie,55,New York,2025-09-11T12:10:58.319590
494,Alice,24,Paris,2025-09-14T12:10:58.319595
495,David,45,London,2025-09-08T12:10:58.319601
496,Bob,40,Berlin,2025-09-06T12:10:58.319606
497,Frank,58,Paris,2025-08-27T12:10:58.319612
498,Alice,51,Sydney,2025-09-04T12:10:58.319617
499,Frank,48,London,2025-09-01T12:10:58.319623
500,Eve,56,Berlin,2025-09-13T12:10:58.319628
501,Frank,56,Paris,2025-09-12T12:10:58.319634
502,Frank,39,London,2025-08-28T12:10:58.319639
503,Alice,58,London,2025-09-06T12:10:58.319645
504,Charlie,44,London,2025-09-07T12:10:58.319658
505,Frank,59,Sydney,2025-08-24T12:10:58.319663
506,Eve,25,Berlin,2025-08-30T12:10:58.319669
507,Alice,46,Paris,2025-08-28T12:10:58.319674
508,Bob,46,Mumbai,2025-09-13T12:10:58.319680
509,Bob,48,Mumbai,2025-09-01T12:10:58.319685
510,Charlie,21,Paris,2025-08-22T12:10:58.319690
511,Bob,39,Mumbai,2025-09-05T12:10:58.319696
512,Bob,24,Sydney,2025-08-26T12:10:58.319701
513,Frank,41,Berlin,2025-09-07T12:10:58.319706
514,Grace,22,New York,2025-09-15T12:10:58.319712
515,Eve,35,London,2025-09-16T12:10:58.319717
516,Frank,43,London,2025-09-12T12:10:58.319722
517,Eve,55,Tokyo,2025-09-11T12:10:58.319728
518,Frank,21,Tokyo,2025-09-06T12:10:58.319745
519,Helen,21,Paris,2025-08-21T12:10:58.319751
520,Charlie,49,New York,2025-09-14T12:10:58.319757
521,David,39,Sydney,2025-08-21T12:10:58.319762
522,Alice,37,Paris,2025-08-22T12:10:58.319768
523,Eve,51,Berlin,2025-08-21T12:10:58.319773
524,Bob,55,New York,2025-08-29T12:10:58.319778
525,David,30,Tokyo,2025-08-22T12:10:58.319784
526,Bob,60,New York,2025-08-20T12:10:58.319789
527,Bob,36,Sydney,2025-08-17T12:10:58.319795
528,David,32,Mumbai,2025-09-12T12:10:58.319800
529,Grace,33,London,2025-08-23T12:10:58.319805
530,Bob,54,Paris,2025-08-24T12:10:58.319811
531,Helen,37,London,2025-09-10T12:10:58.319816
532,Helen,45,Berlin,2025-09-14T12:10:58.319821
533,David,49,Tokyo,2025-09-10T12:10:58.319827
534,Frank,47,Tokyo,2025-09-05T12:10:58.319832
535,Helen,22,London,2025-08-21T12:10:58.319838
536,Alice,21,Berlin,2025-08-21T12:10:58.319843
537,Grace,41,Paris,2025-09-06T12:10:58.319849
538,Charlie,26,Paris,2025-09-01T12:10:58.319854
539,Grace,30,Tokyo,2025-08-25T12:10:58.319859
540,Bob,35,Berlin,2025-08-29T12:10:58.319865
541,Alice,47,Mumbai,2025-08-29T12:10:58.319870
542,Charlie,42,Sydney,2025-09-04T12:10:58.319876
543,Grace,41,Paris,2025-08-30T12:10:58.319882
544,Bob,54,Paris,2025-09-05T12:10:58.319887
545,Charlie,34,Sydney,2025-08-31T12:10:58.319892
546,Frank,37,Berlin,2025-09-01T12:10:58.319898
547,Helen,21,London,2025-09-12T12:10:58.319903
548,Alice,48,New York,2025-09-08T12:10:58.319909
549,Grace,29,Mumbai,2025-08-22T12:10:58.319914
550,Frank,38,New York,2025-09-13T12:10:58.319919
551,Frank,18,Sydney,2025-09-02T12:10:58.319925
552,Bob,49,Paris,2025-08-18T12:10:58.319930
553,Bob,50,Berlin,2025-09-07T12:10:58.319936
554,Bob,32,New York,2025-08-25T12:10:58.319941
555,Alice,40,Tokyo,2025-09-11T12:10:58.319946
556,Bob,52,Tokyo,2025-08-22T12:10:58.319952
557,Bob,48,Tokyo,2025-09-01T12:10:58.319957
558,Frank,37,London,2025-08-29T12:10:58.319962
559,Grace,56,Paris,2025-08-27T12:10:58.319968
560,Helen,54,Tokyo,2025-09-13T12:10:58.319973
561,Alice,48,Tokyo,2025-09-13T12:10:58.319978
562,Helen,49,New York,2025-09-06T12:10:58.319984
563,Grace,28,New York,2025-09-04T12:10:58.319989
564,Eve,33,Sydney,2025-09-11T12:10:58.319995
565,Alice,48,Berlin,2025-09-16T12:10:58.320000
566,Frank,40,Mumbai,2025-09-03T12:10:58.320005
567,Helen,38,Mumbai,2025-08-17T12:10:58.320011
568,Eve,42,Tokyo,2025-09-06T12:10:58.320016
569,David,30,New York,2025-08-31T12:10:58.320021
570,Alice,25,Paris,2025-08-31T12:10:58.320027
571,Charlie,33,Paris,2025-09-03T12:10:58.320032
572,Frank,25,London,2025-08-25T12:10:58.320038
573,Alice,24,Tokyo,2025-08-30T12:10:58.320043
574,Charlie,57,Berlin,2025-09-13T12:10:58.320048
575,Frank,54,New York,2025-08-17T12:10:58.320054
576,Frank,34,Mumbai,2025-09-12T12:10:58.320059
577,Frank,60,Tokyo,2025-08-17T12:10:58.320065
578,Charlie,32,Sydney,2025-08-21T12:10:58.320070
579,Charlie,49,Mumbai,2025-09-07T12:10:58.320075
580,Helen,46,Sydney,2025-08-20T12:10:58.320081
581,Alice,51,London,2025-09-14T12:10:58.320086
582,Grace,58,New York,2025-08-26T12:10:58.320091
583,Frank,43,New York,2025-09-02T12:10:58.320097
584,Helen,18,Sydney,2025-08-30T12:10:58.320102
585,Charlie,45,London,2025-09-02T12:10:58.320108
586,Bob,50,Paris,2025-09-16T12:10:58.320113
587,Bob,54,Tokyo,2025-09-14T12:10:58.320118
588,Eve,42,Sydney,2025-08-28T12:10:58.320124
589,Alice,31,Berlin,2025-08-23T12:10:58.320129
590,Alice,28,New York,2025-08-24T12:10:58.320134
591,Helen,24,Tokyo,2025-08-27T12:10:58.320140
592,Helen,56,Tokyo,2025-08-18T12:10:58.320145
593,Bob,37,Berlin,2025-08-21T12:10:58.320150
594,Eve,51,New York,2025-08-18T12:10:58.320156
595,Alice,44,Sydney,2025-09-02T12:10:58.320161
596,Eve,52,Paris,2025-08-20T12:10:58.320167
597,Grace,44,Berlin,2025-08-23T12:10:58.320172
598,Alice,53,New York,2025-09-11T12:10:58.320178
599,Charlie,56,New York,2025-09-01T12:10:58.320183
600,Helen,60,Paris,2025-08-30T12:10:58.320189
601,David,56,Tokyo,2025-09-01T12:10:58.320194
602,Bob,39,Paris,2025-08-28T12:10:58.320199
603,Helen,49,London,2025-09-08T12:10:58.320205
604,Alice,18,New York,2025-08-31T12:10:58.320210
605,Alice,43,Tokyo,2025-08-25T12:10:58.320215
606,David,58,London,2025-09-05T12:10:58.320221
607,Grace,28,New York,2025-08-21T12:10:58.320226
608,Eve,37,London,2025-08-30T12:10:58.320231
609,David,20,Paris,2025-08-21T12:10:58.320237
610,Grace,26,London,2025-09-14T12:10:58.320242
611,Eve,23,Berlin,2025-08-25T12:10:58.320248
612,Helen,50,Tokyo,2025-09-06T12:10:58.320253
613,Frank,45,London,2025-09-09T12:10:58.320258
614,Helen,59,Mumbai,2025-08-21T12:10:58.320264
615,Eve,54,Mumbai,2025-09-16T12:10:58.320269
616,Grace,21,Berlin,2025-09-10T12:10:58.320274
617,Frank,51,Sydney,2025-08-22T12:10:58.320280
618,Helen,23,Berlin,2025-08-27T12:10:58.320285
619,David,31,London,2025-09-01T12:10:58.320291
620,Frank,20,Berlin,2025-08-19T12:10:58.320296
621,Eve,38,Berlin,2025-09-03T12:10:58.320301
622,Charlie,32,New York,2025-09-16T12:10:58.320307
623,Helen,56,Mumbai,2025-09-13T12:10:58.320312
624,Grace,43,Berlin,2025-08-29T12:10:58.320317
625,Alice,20,Berlin,2025-09-04T12:10:58.320323
626,Alice,29,New York,2025-08-18T12:10:58.320328
627,Charlie,24,New York,2025-09-08T12:10:58.320334
628,Helen,25,London,2025-08-25T12:10:58.320339
629,Bob,43,London,2025-08-25T12:10:58.320345
630,Eve,48,Mumbai,2025-09-04T12:10:58.320350
631,Grace,48,New York,2025-09-10T12:10:58.320355
632,Frank,33,New York,2025-09-15T12:10:58.320361
633,Eve,49,Paris,2025-08-17T12:10:58.320366
634,Grace,54,Sydney,2025-08-24T12:10:58.320372
635,Grace,55,New York,2025-08-18T12:10:58.320377
636,Charlie,26,Berlin,2025-09-05T12:10:58.320383
637,Eve,55,London,2025-08-23T12:10:58.320388
638,Grace,60,Tokyo,2025-09-09T12:10:58.320393
639,Charlie,30,London,2025-09-13T12:10:58.320399
640,David,25,Tokyo,2025-09-06T12:10:58.320404
641,Bob,54,New York,2025-09-02T12:10:58.320410
642,Frank,38,Berlin,2025-09-03T12:10:58.320415
643,Helen,20,Berlin,2025-09-01T12:10:58.320421
644,Helen,53,Berlin,2025-08-27T12:10:58.320426
645,Helen,26,New York,2025-08-19T12:10:58.320431
646,David,42,London,2025-08-22T12:10:58.320437
647,Bob,41,Sydney,2025-08-23T12:10:58.320442
648,Frank,31,Paris,2025-09-13T12:10:58.320447
649,Helen,48,Berlin,2025-09-11T12:10:58.320453
650,Frank,46,Tokyo,2025-09-06T12:10:58.320458
651,David,34,Mumbai,2025-09-07T12:10:58.320463
652,Charlie,42,Sydney,2025-08-21T12:10:58.320469
653,Charlie,55,London,2025-08-30T12:10:58.320474
654,Grace,31,Berlin,2025-09-06T12:10:58.320479
655,Helen,56,Berlin,2025-08-23T12:10:58.320485
656,David,55,Paris,2025-09-16T12:10:58.320490
657,Alice,55,Sydney,2025-08-26T12:10:58.320496
658,Eve,18,Tokyo,2025-09-01T12:10:58.320501
659,David,57,Mumbai,2025-09-12T12:10:58.320507
660,Bob,37,London,2025-08-17T12:10:58.320512
661,Eve,43,Berlin,2025-08-18T12:10:58.320517
662,Grace,49,Berlin,2025-08-28T12:10:58.320523
663,David,46,Berlin,2025-08-23T12:10:58.320528
664,Alice,50,New York,2025-09-07T12:10:58.320534
665,David,29,Mumbai,2025-09-02T12:10:58.320539
666,Alice,47,Berlin,2025-08-22T12:10:58.320545
667,Alice,55,Berlin,2025-09-12T12:10:58.320550
668,Bob,18,Paris,2025-08-23T12:10:58.320555
669,Frank,23,Tokyo,2025-08-18T12:10:58.320561
670,Bob,35,Paris,2025-09-01T12:10:58.320566
671,David,47,New York,2025-09-08T12:10:58.320571
672,Helen,56,Sydney,2025-08-31T12:10:58.320577
673,Frank,50,New York,2025-08-27T12:10:58.320582
674,Eve,50,Tokyo,2025-08-22T12:10:58.320588
675,Charlie,26,New York,2025-08-22T12:10:58.320593
676,Bob,25,Paris,2025-09-08T12:10:58.320599
677,Frank,39,Berlin,2025-09-13T12:10:58.320604
678,Grace,45,Mumbai,2025-08-20T12:10:58.320609
679,Grace,38,London,2025-09-11T12:10:58.320615
680,Helen,58,London,2025-08-29T12:10:58.320620
681,Charlie,24,Tokyo,2025-09-11T12:10:58.320625
682,Alice,43,Tokyo,2025-08-24T12:10:58.320631
683,Bob,52,London,2025-09-06T12:10:58.320636
684,Alice,59,Sydney,2025-08-23T12:10:58.320641
685,Eve,53,Sydney,2025-08-21T12:10:58.320654
686,Frank,48,Paris,2025-09-09T12:10:58.320659
687,Alice,18,Paris,2025-09-11T12:10:58.320665
688,Charlie,44,Mumbai,2025-09-16T12:10:58.320670
689,Eve,33,Paris,2025-08-31T12:10:58.320687
690,Alice,53,London,2025-08-17T12:10:58.320692
691,Charlie,25,Tokyo,2025-09-03T12:10:58.320698
692,Alice,43,Paris,2025-08-17T12:10:58.320703
693,Eve,31,Sydney,2025-08-23T12:10:58.320709
694,Bob,52,Tokyo,2025-08-24T12:10:58.320714
695,Frank,41,Paris,2025-09-07T12:10:58.320719
696,Charlie,34,New York,2025-08-23T12:10:58.320725
697,Bob,54,London,2025-08-19T12:10:58.320730
698,Alice,58,Tokyo,2025-09-01T12:10:58.320736
699,Grace,59,Mumbai,2025-08-27T12:10:58.320741
700,David,42,Tokyo,2025-09-08T12:10:58.320747
701,Grace,50,Berlin,2025-08-22T12:10:58.320752
702,Frank,49,New York,2025-09-09T12:10:58.320757
703,Bob,19,London,2025-09-04T12:10:58.320763
704,Charlie,39,Mumbai,2025-08-21T12:10:58.320768
705,Alice,60,Berlin,2025-08-24T12:10:58.320774
706,David,37,Paris,2025-08-31T12:10:58.320779
707,Helen,42,Tokyo,2025-09-02T12:10:58.320785
708,Charlie,41,Tokyo,2025-08-31T12:10:58.320790
709,Bob,59,London,2025-09-13T12:10:58.320795
710,David,59,Mumbai,2025-09-06T12:10:58.320800
711,Helen,38,Berlin,2025-09-06T12:10:58.320806
712,Charlie,42,Berlin,2025-08-31T12:10:58.320811
713,David,44,Paris,2025-09-06T12:10:58.320816
714,Frank,24,Mumbai,2025-09-10T12:10:58.320822
715,David,22,Berlin,2025-08-17T12:10:58.320827
716,Frank,54,Berlin,2025-09-03T12:10:58.320832
717,Grace,29,Mumbai,2025-08-23T12:10:58.320838
718,Eve,27,London,2025-09-06T12:10:58.320843
719,Helen,36,Sydney,2025-09-16T12:10:58.320848
720,Helen,18,Tokyo,2025-08-31T12:10:58.320854
721,Alice,42,London,2025-08-27T12:10:58.320859
722,Alice,56,New York,2025-08-29T12:10:58.320865
723,David,24,Sydney,2025-08-21T12:10:58.320870
724,Charlie,33,Sydney,2025-08-20T12:10:58.320875
725,Eve,48,Mumbai,2025-08-24T12:10:58.320881
726,Grace,39,Paris,2025-09-06T12:10:58.320886
727,David,45,Mumbai,2025-09-16T12:10:58.320891
728,Eve,31,Tokyo,2025-08-31T12:10:58.320897
729,Helen,46,New York,2025-09-01T12:10:58.320902
730,Charlie,29,London,2025-09-16T12:10:58.320907
731,Helen,25,Mumbai,2025-08-27T12:10:58.320913
732,Eve,56,Paris,2025-08-31T12:10:58.320918
733,David,18,Mumbai,2025-09-01T12:10:58.320924
734,Helen,38,Berlin,2025-08-25T12:10:58.320929
735,Bob,36,Paris,2025-09-09T12:10:58.320934
736,Bob,57,Mumbai,2025-08-25T12:10:58.320940
737,Helen,41,Sydney,2025-08-30T12:10:58.320945
738,Bob,22,London,2025-08-28T12:10:58.320950
739,Alice,36,London,2025-09-03T12:10:58.320956
740,Grace,51,Sydney,2025-09-15T12:10:58.320961
741,Eve,38,Berlin,2025-08-27T12:10:58.320966
742,Helen,40,Paris,2025-08-23T12:10:58.320971
743,Alice,55,Mumbai,2025-09-16T12:10:58.320977
744,Alice,33,Paris,2025-08-31T12:10:58.320982
745,David,55,London,2025-08-17T12:10:58.320988
746,David,18,Tokyo,2025-09-05T12:10:58.320993
747,Frank,21,Berlin,2025-09-05T12:10:58.320998
748,Charlie,46,Paris,2025-08-21T12:10:58.321004
749,Charlie,42,London,2025-09-08T12:10:58.321009
750,Bob,50,New York,2025-08-28T12:10:58.321015
751,Alice,50,New York,2025-09-14T12:10:58.321020
752,Charlie,25,Berlin,2025-09-07T12:10:58.321026
753,Frank,42,Sydney,2025-09-08T12:10:58.321031
754,David,58,Mumbai,2025-09-13T12:10:58.321037
755,Eve,31,Paris,2025-08-31T12:10:58.321042
756,Grace,23,Paris,2025-09-06T12:10:58.321047
757,Bob,43,Berlin,2025-08-21T12:10:58.321052
758,Charlie,52,London,2025-08-28T12:10:58.321058
759,Eve,43,Berlin,2025-08-17T12:10:58.321064
760,Alice,52,Berlin,2025-09-08T12:10:58.321069
761,Bob,38,Mumbai,2025-09-14T12:10:58.321074
762,Frank,26,New York,2025-09-09T12:10:58.321080
763,Eve,34,Tokyo,2025-08-21T12:10:58.321085
764,Frank,45,Berlin,2025-09-15T12:10:58.321090
765,Bob,55,Sydney,2025-08-22T12:10:58.321096
766,Bob,40,Berlin,2025-08-30T12:10:58.321101
767,David,29,New York,2025-09-10T12:10:58.321107
768,Helen,21,Paris,2025-09-05T12:10:58.321112
769,Bob,20,Mumbai,2025-08-22T12:10:58.321117
770,Grace,37,Paris,2025-08-22T12:10:58.321123
771,Frank,27,Sydney,2025-09-08T12:10:58.321129
772,Bob,46,Sydney,2025-09-12T12:10:58.321134
773,Frank,22,New York,2025-08-22T12:10:58.321139
774,David,46,Mumbai,2025-08-23T12:10:58.321145
775,Grace,23,Berlin,2025-08-31T12:10:58.321150
776,Helen,59,Sydney,2025-08-31T12:10:58.321155
777,Bob,60,Paris,2025-09-06T12:10:58.321161
778,Eve,21,London,2025-09-06T12:10:58.321166
779,Grace,32,Berlin,2025-08-28T12:10:58.321171
780,Helen,60,Tokyo,2025-08-24T12:10:58.321177
781,Helen,60,Tokyo,2025-09-13T12:10:58.321182
782,Helen,51,Berlin,2025-09-14T12:10:58.321187
783,Charlie,26,Mumbai,2025-09-16T12:10:58.321193
784,Bob,31,Mumbai,2025-09-11T12:10:58.321198
785,Charlie,43,Paris,2025-08-22T12:10:58.321203
786,Eve,50,Berlin,2025-09-10T12:10:58.321209
787,Charlie,50,Mumbai,2025-09-10T12:10:58.321214
788,Eve,38,Paris,2025-08-29T12:10:58.321220
789,Helen,30,New York,2025-08-18T12:10:58.321225
790,Helen,33,Sydney,2025-09-16T12:10:58.321231
791,Bob,23,Mumbai,2025-09-06T12:10:58.321236
792,Charlie,55,Tokyo,2025-09-04T12:10:58.321241
793,David,46,New York,2025-09-01T12:10:58.321247
794,Helen,23,Tokyo,2025-08-30T12:10:58.321252
795,Frank,40,Sydney,2025-08-30T12:10:58.321257
796,Charlie,55,Mumbai,2025-09-06T12:10:58.321263
797,David,36,Sydney,2025-08-31T12:10:58.321268
798,Frank,56,New York,2025-08-22T12:10:58.321274
799,Frank,57,Berlin,2025-08-17T12:10:58.321279
800,Grace,35,New York,2025-09-01T12:10:58.321285
801,Frank,18,Paris,2025-09-15T12:10:58.321290
802,Eve,29,Berlin,2025-08-25T12:10:58.321295
803,Frank,44,Berlin,2025-08-27T12:10:58.321301
804,Charlie,36,Berlin,2025-08-26T12:10:58.321306
805,Charlie,21,Tokyo,2025-09-09T12:10:58.321311
806,Alice,24,London,2025-08-23T12:10:58.321317
807,Frank,59,Sydney,2025-08-27T12:10:58.321322
808,David,49,Mumbai,2025-08-28T12:10:58.321328
809,Helen,39,London,2025-08-26T12:10:58.321333
810,Bob,23,New York,2025-09-16T12:10:58.321339
811,Bob,42,London,2025-08-22T12:10:58.321344
812,David,56,Sydney,2025-08-23T12:10:58.321349
813,Frank,33,Mumbai,2025-08-21T12:10:58.321355
814,Helen,54,London,2025-09-10T12:10:58.321360
815,Bob,42,Paris,2025-08-22T12:10:58.321365
816,Frank,44,Sydney,2025-09-15T12:10:58.321371
817,Helen,30,Mumbai,2025-08-25T12:10:58.321376
818,Helen,49,Tokyo,2025-09-13T12:10:58.321382
819,Grace,29,London,2025-09-16T12:10:58.321387
820,Frank,60,Mumbai,2025-09-13T12:10:58.321392
821,Grace,29,Mumbai,2025-08-27T12:10:58.321397
822,Eve,47,Sydney,2025-09-03T12:10:58.321403
823,Alice,26,Sydney,2025-08-27T12:10:58.321408
824,Alice,48,Mumbai,2025-09-07T12:10:58.321414
825,Charlie,43,Berlin,2025-08-24T12:10:58.321419
826,David,25,Mumbai,2025-09-03T12:10:58.321425
827,Eve,50,Tokyo,2025-09-03T12:10:58.321430
828,David,47,Mumbai,2025-08-22T12:10:58.321435
829,Bob,46,Sydney,2025-08-22T12:10:58.321441
830,Alice,50,Sydney,2025-08-26T12:10:58.321446
831,Helen,51,Sydney,2025-08-30T12:10:58.321451
832,Charlie,43,Berlin,2025-09-06T12:10:58.321457
833,Alice,55,Sydney,2025-09-04T12:10:58.321462
834,David,29,New York,2025-08-18T12:10:58.321468
835,Helen,43,Mumbai,2025-09-06T12:10:58.321473
836,Bob,59,London,2025-09-07T12:10:58.321478
837,Eve,47,Sydney,2025-08-28T12:10:58.321484
838,Charlie,36,Berlin,2025-09-08T12:10:58.321489
839,Helen,32,New York,2025-09-06T12:10:58.321494
840,Grace,48,Sydney,2025-09-09T12:10:58.321500
841,Bob,44,Tokyo,2025-09-06T12:10:58.321505
842,Frank,50,Tokyo,2025-08-26T12:10:58.321511
843,Grace,22,Berlin,2025-09-12T12:10:58.321516
844,Charlie,49,London,2025-09-04T12:10:58.321521
845,Helen,39,Berlin,2025-08-22T12:10:58.321527
846,Grace,19,Paris,2025-09-03T12:10:58.321532
847,Eve,38,Berlin,2025-08-22T12:10:58.321537
848,Alice,41,Paris,2025-09-03T12:10:58.321543
849,Alice,32,Mumbai,2025-08-25T12:10:58.321548
850,Eve,19,London,2025-08-19T12:10:58.321553
851,Helen,19,Tokyo,2025-08-19T12:10:58.321559
852,Frank,51,Berlin,2025-09-02T12:10:58.321564
853,Charlie,49,Berlin,2025-08-27T12:10:58.321570
854,Helen,42,Mumbai,2025-08-29T12:10:58.321575
855,David,60,Mumbai,2025-08-28T12:10:58.321580
856,Eve,43,New York,2025-08-29T12:10:58.321586
857,Eve,36,Mumbai,2025-08-29T12:10:58.321591
858,Helen,21,London,2025-09-16T12:10:58.321597
859,David,57,Berlin,2025-08-20T12:10:58.321602
860,Bob,24,New York,2025-09-14T12:10:58.321617
861,Alice,50,Paris,2025-08-21T12:10:58.321623
862,Bob,39,Mumbai,2025-08-20T12:10:58.321628
863,Alice,52,New York,2025-08-29T12:10:58.321634
864,Charlie,49,Mumbai,2025-09-05T12:10:58.321639
865,David,60,London,2025-08-24T12:10:58.321645
866,Grace,55,Paris,2025-09-15T12:10:58.321664
867,Eve,34,Berlin,2025-08-23T12:10:58.321670
868,Grace,45,London,2025-09-08T12:10:58.321675
869,Bob,35,Sydney,2025-08-26T12:10:58.321681
870,Helen,49,Paris,2025-09-06T12:10:58.321686
871,Grace,34,Sydney,2025-09-14T12:10:58.321692
872,Helen,58,Mumbai,2025-08-28T12:10:58.321697
873,Alice,34,Sydney,2025-08-24T12:10:58.321703
874,Helen,46,Sydney,2025-08-18T12:10:58.321708
875,Charlie,40,Tokyo,2025-09-02T12:10:58.321713
876,Alice,26,New York,2025-09-03T12:10:58.321719
877,Grace,34,New York,2025-09-13T12:10:58.321724
878,Charlie,55,Mumbai,2025-09-13T12:10:58.321730
879,Charlie,37,Mumbai,2025-09-16T12:10:58.321736
880,David,34,Mumbai,2025-08-29T12:10:58.321741
881,Charlie,53,New York,2025-09-12T12:10:58.321747
882,Helen,22,Mumbai,2025-09-03T12:10:58.321752
883,Bob,37,Paris,2025-08-31T12:10:58.321758
884,Charlie,46,Paris,2025-08-28T12:10:58.321763
885,Helen,56,Mumbai,2025-09-09T12:10:58.321769
886,Charlie,58,Sydney,2025-08-18T12:10:58.321774
887,Helen,25,Mumbai,2025-09-02T12:10:58.321780
888,Grace,27,London,2025-09-16T12:10:58.321785
889,Alice,20,London,2025-08-28T12:10:58.321790
890,Frank,19,Tokyo,2025-09-13T12:10:58.321796
891,Eve,49,Berlin,2025-08-27T12:10:58.321801
892,Grace,35,Sydney,2025-09-08T12:10:58.321806
893,Grace,41,Berlin,2025-08-20T12:10:58.321812
894,Bob,47,Paris,2025-08-27T12:10:58.321817
895,Charlie,21,Tokyo,2025-09-05T12:10:58.321823
896,Alice,31,Berlin,2025-09-14T12:10:58.321828
897,Eve,45,Berlin,2025-08-20T12:10:58.321833
898,Bob,51,Mumbai,2025-09-02T12:10:58.321839
899,Grace,35,Berlin,2025-09-05T12:10:58.321844
900,Helen,28,Berlin,2025-08-23T12:10:58.321850
901,Charlie,60,Tokyo,2025-09-12T12:10:58.321855
902,Grace,46,Sydney,2025-08-24T12:10:58.321860
903,Alice,56,Tokyo,2025-08-26T12:10:58.321866
904,Bob,48,New York,2025-09-08T12:10:58.321871
905,David,43,Mumbai,2025-08-17T12:10:58.321877
906,Bob,35,Paris,2025-08-17T12:10:58.321882
907,Charlie,37,London,2025-08-19T12:10:58.321888
908,David,49,New York,2025-09-06T12:10:58.321893
909,Alice,28,Paris,2025-09-15T12:10:58.321898
910,Helen,31,Mumbai,2025-09-04T12:10:58.321904
911,Frank,31,Mumbai,2025-09-06T12:10:58.321909
912,Bob,19,New York,2025-09-07T12:10:58.321914
913,Charlie,42,Paris,2025-09-13T12:10:58.321920
914,Helen,29,Berlin,2025-09-09T12:10:58.321925
915,Alice,21,Tokyo,2025-08-20T12:10:58.321931
916,Eve,32,Mumbai,2025-09-07T12:10:58.321936
917,Alice,44,Tokyo,2025-09-16T12:10:58.321942
918,David,59,Tokyo,2025-09-15T12:10:58.321947
919,Eve,39,Paris,2025-08-19T12:10:58.321952
920,Bob,46,Sydney,2025-08-23T12:10:58.321958
921,David,36,Berlin,2025-08-31T12:10:58.321963
922,Alice,19,Mumbai,2025-09-03T12:10:58.321968
923,Bob,18,Sydney,2025-08-19T12:10:58.321974
924,Alice,30,London,2025-08-22T12:10:58.321979
925,Alice,58,New York,2025-09-14T12:10:58.321985
926,David,47,Mumbai,2025-09-08T12:10:58.321990
927,Grace,46,Mumbai,2025-09-16T12:10:58.321995
928,Frank,36,Tokyo,2025-09-15T12:10:58.322001
929,Frank,46,London,2025-08-22T12:10:58.322006
930,Grace,34,Sydney,2025-08-30T12:10:58.322011
931,Eve,53,London,2025-08-29T12:10:58.322017
932,Grace,41,Mumbai,2025-08-25T12:10:58.322022
933,Helen,23,Paris,2025-08-24T12:10:58.322028
934,Bob,25,Berlin,2025-08-30T12:10:58.322033
935,Bob,36,Tokyo,2025-09-10T12:10:58.322038
936,Helen,31,London,2025-08-17T12:10:58.322044
937,Charlie,26,Tokyo,2025-09-04T12:10:58.322049
938,Grace,59,Sydney,2025-08-25T12:10:58.322055
939,Bob,30,New York,2025-09-07T12:10:58.322060
940,Charlie,45,Tokyo,2025-08-31T12:10:58.322066
941,Bob,50,Tokyo,2025-09-06T12:10:58.322071
942,Frank,28,Paris,2025-09-07T12:10:58.322077
943,Bob,20,Paris,2025-08-21T12:10:58.322082
944,Eve,42,Sydney,2025-09-01T12:10:58.322087
945,Frank,32,London,2025-09-07T12:10:58.322092
946,Eve,52,Paris,2025-08-21T12:10:58.322098
947,David,43,New York,2025-08-24T12:10:58.322103
948,Eve,23,Sydney,2025-09-02T12:10:58.322109
949,Alice,28,Berlin,2025-09-11T12:10:58.322114
950,Charlie,49,Tokyo,2025-08-20T12:10:58.322119
951,Bob,26,Berlin,2025-09-12T12:10:58.322125
952,Bob,51,New York,2025-08-24T12:10:58.322130
953,Grace,29,London,2025-09-09T12:10:58.322136
954,Charlie,52,New York,2025-08-24T12:10:58.322141
955,David,41,New York,2025-09-05T12:10:58.322147
956,Alice,39,Mumbai,2025-09-05T12:10:58.322152
957,Eve,25,Berlin,2025-08-21T12:10:58.322158
958,Eve,47,Berlin,2025-09-01T12:10:58.322163
959,Grace,47,Sydney,2025-08-30T12:10:58.322168
960,Alice,35,New York,2025-09-07T12:10:58.322174
961,Bob,44,London,2025-08-20T12:10:58.322179
962,Alice,55,Mumbai,2025-09-08T12:10:58.322184
963,Alice,22,Mumbai,2025-09-15T12:10:58.322190
964,Frank,53,Paris,2025-09-15T12:10:58.322195
965,Helen,31,Mumbai,2025-09-07T12:10:58.322201
966,Eve,24,Sydney,2025-09-11T12:10:58.322206
967,Eve,47,Berlin,2025-08-29T12:10:58.322211
968,David,39,Mumbai,2025-09-09T12:10:58.322217
969,Alice,31,Mumbai,2025-08-23T12:10:58.322222
970,Grace,25,New York,2025-08-27T12:10:58.322228
971,Frank,33,London,2025-09-12T12:10:58.322233
972,Frank,21,Paris,2025-08-26T12:10:58.322239
973,David,45,London,2025-09-12T12:10:58.322244
974,Helen,37,London,2025-08-22T12:10:58.322249
975,David,42,New York,2025-09-01T12:10:58.322255
976,Helen,54,Tokyo,2025-09-14T12:10:58.322260
977,Bob,33,Sydney,2025-08-31T12:10:58.322266
978,Bob,26,Sydney,2025-09-12T12:10:58.322271
979,Charlie,39,Sydney,2025-08-20T12:10:58.322276
980,Charlie,25,Tokyo,2025-09-13T12:10:58.322282
981,David,19,New York,2025-09-02T12:10:58.322287
982,Alice,26,Tokyo,2025-08-20T12:10:58.322292
983,Eve,53,London,2025-08-25T12:10:58.322298
984,Grace,42,Tokyo,2025-09-13T12:10:58.322303
985,David,27,Sydney,2025-08-19T12:10:58.322309
986,Eve,45,New York,2025-08-22T12:10:58.322314
987,Charlie,26,Berlin,2025-09-03T12:10:58.322319
988,Grace,38,Paris,2025-09-09T12:10:58.322325
989,Frank,40,London,2025-08-19T12:10:58.322331
990,Helen,60,Mumbai,2025-09-08T12:10:58.322337
991,Frank,39,Mumbai,2025-09-01T12:10:58.322342
992,Charlie,39,Tokyo,2025-09-05T12:10:58.322347
993,David,46,Sydney,2025-09-01T12:10:58.322353
994,Charlie,20,New York,2025-09-04T12:10:58.322358
995,Helen,38,London,2025-08-18T12:10:58.322364
996,Alice,25,Tokyo,2025-08-26T12:10:58.322369
997,Bob,52,Paris,2025-08-23T12:10:58.322375
998,Bob,58,London,2025-08-24T12:10:58.322380
999,Grace,19,London,2025-09-03T12:10:58.322385
1000,Bob,53,Mumbai,2025-08-24T12:10:58.322391
